{
  "/login-2" : {
    "transaction" : "/login-2",
    "sampleCount" : 1,
    "errorCount" : 0,
    "errorPct" : 0.0,
    "meanResTime" : 1159.0,
    "medianResTime" : 1159.0,
    "minResTime" : 1159.0,
    "maxResTime" : 1159.0,
    "pct1ResTime" : 1159.0,
    "pct2ResTime" : 1159.0,
    "pct3ResTime" : 1159.0,
    "throughput" : 0.8628127696289906,
    "receivedKBytesPerSec" : 0.47269332398619496,
    "sentKBytesPerSec" : 0.41118421052631576
  },
  "contact/check-49" : {
    "transaction" : "contact/check-49",
    "sampleCount" : 1,
    "errorCount" : 0,
    "errorPct" : 0.0,
    "meanResTime" : 404.0,
    "medianResTime" : 404.0,
    "minResTime" : 404.0,
    "maxResTime" : 404.0,
    "pct1ResTime" : 404.0,
    "pct2ResTime" : 404.0,
    "pct3ResTime" : 404.0,
    "throughput" : 2.4752475247524752,
    "receivedKBytesPerSec" : 1.8177599009900989,
    "sentKBytesPerSec" : 1.1481861076732673
  },
  "Registration" : {
    "transaction" : "Registration",
    "sampleCount" : 6,
    "errorCount" : 6,
    "errorPct" : 100.0,
    "meanResTime" : 405.0,
    "medianResTime" : 373.0,
    "minResTime" : 339.0,
    "maxResTime" : 606.0,
    "pct1ResTime" : 606.0,
    "pct2ResTime" : 606.0,
    "pct3ResTime" : 606.0,
    "throughput" : 0.26646533730070615,
    "receivedKBytesPerSec" : 0.16159665474974463,
    "sentKBytesPerSec" : 0.1259031370742106
  },
  "Total" : {
    "transaction" : "Total",
    "sampleCount" : 19,
    "errorCount" : 9,
    "errorPct" : 47.36842,
    "meanResTime" : 523.7368421052632,
    "medianResTime" : 382.0,
    "minResTime" : 310.0,
    "maxResTime" : 1628.0,
    "pct1ResTime" : 1159.0,
    "pct2ResTime" : 1628.0,
    "pct3ResTime" : 1628.0,
    "throughput" : 0.7956782109803593,
    "receivedKBytesPerSec" : 0.46609501287742366,
    "sentKBytesPerSec" : 0.374037464927342
  },
  "Invalid Login" : {
    "transaction" : "Invalid Login",
    "sampleCount" : 4,
    "errorCount" : 3,
    "errorPct" : 75.0,
    "meanResTime" : 683.25,
    "medianResTime" : 374.0,
    "minResTime" : 357.0,
    "maxResTime" : 1628.0,
    "pct1ResTime" : 1628.0,
    "pct2ResTime" : 1628.0,
    "pct3ResTime" : 1628.0,
    "throughput" : 0.2695962795713419,
    "receivedKBytesPerSec" : 0.15256937891757094,
    "sentKBytesPerSec" : 0.12558342319875987
  },
  "Login" : {
    "transaction" : "Login",
    "sampleCount" : 6,
    "errorCount" : 0,
    "errorPct" : 0.0,
    "meanResTime" : 471.83333333333337,
    "medianResTime" : 382.5,
    "minResTime" : 310.0,
    "maxResTime" : 1013.0,
    "pct1ResTime" : 1013.0,
    "pct2ResTime" : 1013.0,
    "pct3ResTime" : 1013.0,
    "throughput" : 0.26171159382360637,
    "receivedKBytesPerSec" : 0.14469959053040218,
    "sentKBytesPerSec" : 0.12340144650178837
  },
  "/check-22" : {
    "transaction" : "/check-22",
    "sampleCount" : 1,
    "errorCount" : 0,
    "errorPct" : 0.0,
    "meanResTime" : 394.0,
    "medianResTime" : 394.0,
    "minResTime" : 394.0,
    "maxResTime" : 394.0,
    "pct1ResTime" : 394.0,
    "pct2ResTime" : 394.0,
    "pct3ResTime" : 394.0,
    "throughput" : 2.5380710659898473,
    "receivedKBytesPerSec" : 1.5937301713197969,
    "sentKBytesPerSec" : 1.1773278870558375
  }
}